"resp","ids"
"0","9346"
"0","9347"
"3","9348"
"3","9349"
"3","9350"
"0","9351"
"0","9352"
"0","9353"
"0","9354"
"0","9355"
"0","9356"
"0","9357"
"0","9358"
"0","9359"
"3","9360"
"0","9361"
"0","9362"
"3","9363"
"0","9364"
"0","9365"
"0","9366"
"3","9367"
"0","9368"
"0","9369"
"0","9370"
"0","9371"
"3","9372"
"0","9373"
"0","9374"
"0","9375"
"0","9376"
"0","9377"
"0","9378"
"0","9379"
"0","9380"
"0","9381"
"0","9382"
"0","9383"
"0","9384"
"0","9385"
"0","9386"
"0","9387"
"0","9388"
"1","9389"
"0","9390"
"0","9391"
"0","9392"
"0","9393"
"0","9394"
"0","9395"
"0","9396"
"0","9397"
"0","9398"
"0","9399"
"0","9400"
"0","9401"
"0","9402"
"3","9403"
"0","9404"
"3","9405"
"0","9406"
"0","9407"
"0","9408"
"0","9409"
"0","9410"
"0","9411"
"0","9412"
"0","9413"
"0","9414"
"0","9415"
"3","9416"
"0","9417"
"0","9418"
"0","9419"
"0","9420"
"0","9421"
"0","9422"
"0","9423"
"0","9424"
"3","9425"
"0","9426"
"0","9427"
"0","9428"
"0","9429"
"0","9430"
"0","9431"
"0","9432"
"0","9433"
"0","9434"
"0","9435"
"0","9436"
"0","9437"
"3","9438"
"3","9439"
"0","9440"
"0","9441"
"0","9442"
"0","9443"
"0","9444"
"0","9445"
"0","9446"
"0","9447"
"0","9448"
"3","9449"
"0","9450"
"0","9451"
"0","9452"
"0","9453"
"0","9454"
"3","9455"
"0","9456"
"0","9457"
"0","9458"
"3","9459"
"0","9460"
"0","9461"
"3","9462"
"0","9463"
"0","9464"
"0","9465"
"0","9466"
"3","9467"
"0","9468"
"0","9469"
"0","9470"
"0","9471"
"0","9472"
"1","9473"
"0","9474"
"0","9475"
"0","9476"
"0","9477"
"0","9478"
"0","9479"
"0","9480"
"0","9481"
"0","9482"
"0","9483"
"0","9484"
"0","9485"
"0","9486"
"0","9487"
"0","9488"
"0","9489"
"0","9490"
"0","9491"
"0","9492"
"0","9493"
"0","9494"
"0","9495"
"0","9496"
"3","9497"
